run_time,valid_time,variable,value
2026-07-24T21:00:00,2026-07-24T21:00,temperature_2m,21.52
2026-07-24T21:00:00,2026-07-24T22:00,temperature_2m,19.67
2026-07-24T21:00:00,2026-07-24T23:00,temperature_2m,18.53
2026-07-24T21:00:00,2026-07-25T00:00,temperature_2m,18.02
2026-07-24T21:00:00,2026-07-25T01:00,temperature_2m,17.57
2026-07-24T21:00:00,2026-07-25T02:00,temperature_2m,17.42
2026-07-24T21:00:00,2026-07-25T03:00,temperature_2m,17.07
2026-07-24T21:00:00,2026-07-25T04:00,temperature_2m,17.02
2026-07-24T21:00:00,2026-07-25T05:00,temperature_2m,17.23
2026-07-24T21:00:00,2026-07-25T06:00,temperature_2m,17.48
2026-07-24T21:00:00,2026-07-25T07:00,temperature_2m,18.75
2026-07-24T21:00:00,2026-07-25T08:00,temperature_2m,21.05
2026-07-24T21:00:00,2026-07-25T09:00,temperature_2m,22.68
2026-07-24T21:00:00,2026-07-25T10:00,temperature_2m,24.23
2026-07-24T21:00:00,2026-07-25T11:00,temperature_2m,25.35
2026-07-24T21:00:00,2026-07-25T12:00,temperature_2m,26.12
2026-07-24T21:00:00,2026-07-25T13:00,temperature_2m,26.68
2026-07-24T21:00:00,2026-07-25T14:00,temperature_2m,27.3
2026-07-24T21:00:00,2026-07-25T15:00,temperature_2m,27.55
2026-07-24T21:00:00,2026-07-25T16:00,temperature_2m,27.67
2026-07-24T21:00:00,2026-07-25T17:00,temperature_2m,27.27
2026-07-24T21:00:00,2026-07-25T18:00,temperature_2m,26.55
2026-07-24T21:00:00,2026-07-25T19:00,temperature_2m,25.57
2026-07-24T21:00:00,2026-07-25T20:00,temperature_2m,24.1
2026-07-24T21:00:00,2026-07-25T21:00,temperature_2m,22.32
2026-07-24T21:00:00,2026-07-25T22:00,temperature_2m,20.9
2026-07-24T21:00:00,2026-07-25T23:00,temperature_2m,20.12
2026-07-24T21:00:00,2026-07-26T00:00,temperature_2m,19.37
2026-07-24T21:00:00,2026-07-26T01:00,temperature_2m,19.32
2026-07-24T21:00:00,2026-07-26T02:00,temperature_2m,19.32
2026-07-24T21:00:00,2026-07-26T03:00,temperature_2m,18.68
2026-07-24T21:00:00,2026-07-26T04:00,temperature_2m,18.23
2026-07-24T21:00:00,2026-07-26T05:00,temperature_2m,18.05
2026-07-24T21:00:00,2026-07-26T06:00,temperature_2m,18.42
2026-07-24T21:00:00,2026-07-26T07:00,temperature_2m,20.15
2026-07-24T21:00:00,2026-07-26T08:00,temperature_2m,22.17
2026-07-24T21:00:00,2026-07-26T09:00,temperature_2m,23.07
2026-07-24T21:00:00,2026-07-26T10:00,temperature_2m,22.83
2026-07-24T21:00:00,2026-07-26T11:00,temperature_2m,21.85
2026-07-24T21:00:00,2026-07-26T12:00,temperature_2m,21.82
2026-07-24T21:00:00,2026-07-26T13:00,temperature_2m,21.85
2026-07-24T21:00:00,2026-07-26T14:00,temperature_2m,22.05
2026-07-24T21:00:00,2026-07-26T15:00,temperature_2m,22.2
2026-07-24T21:00:00,2026-07-26T16:00,temperature_2m,22.42
2026-07-24T21:00:00,2026-07-26T17:00,temperature_2m,22.95
2026-07-24T21:00:00,2026-07-26T18:00,temperature_2m,22.84
2026-07-24T21:00:00,2026-07-26T19:00,temperature_2m,22.4
2026-07-24T21:00:00,2026-07-26T20:00,temperature_2m,21.58
2026-07-24T21:00:00,2026-07-26T21:00,temperature_2m,20.36
2026-07-24T21:00:00,2026-07-24T21:00,relative_humidity_2m,54.67
2026-07-24T21:00:00,2026-07-24T22:00,relative_humidity_2m,61.0
2026-07-24T21:00:00,2026-07-24T23:00,relative_humidity_2m,65.5
2026-07-24T21:00:00,2026-07-25T00:00,relative_humidity_2m,67.5
2026-07-24T21:00:00,2026-07-25T01:00,relative_humidity_2m,68.67
2026-07-24T21:00:00,2026-07-25T02:00,relative_humidity_2m,68.67
2026-07-24T21:00:00,2026-07-25T03:00,relative_humidity_2m,70.33
2026-07-24T21:00:00,2026-07-25T04:00,relative_humidity_2m,71.33
2026-07-24T21:00:00,2026-07-25T05:00,relative_humidity_2m,71.0
2026-07-24T21:00:00,2026-07-25T06:00,relative_humidity_2m,71.83
2026-07-24T21:00:00,2026-07-25T07:00,relative_humidity_2m,71.0
2026-07-24T21:00:00,2026-07-25T08:00,relative_humidity_2m,65.83
2026-07-24T21:00:00,2026-07-25T09:00,relative_humidity_2m,58.17
2026-07-24T21:00:00,2026-07-25T10:00,relative_humidity_2m,50.5
2026-07-24T21:00:00,2026-07-25T11:00,relative_humidity_2m,47.83
2026-07-24T21:00:00,2026-07-25T12:00,relative_humidity_2m,45.5
2026-07-24T21:00:00,2026-07-25T13:00,relative_humidity_2m,43.83
2026-07-24T21:00:00,2026-07-25T14:00,relative_humidity_2m,42.17
2026-07-24T21:00:00,2026-07-25T15:00,relative_humidity_2m,41.17
2026-07-24T21:00:00,2026-07-25T16:00,relative_humidity_2m,42.0
2026-07-24T21:00:00,2026-07-25T17:00,relative_humidity_2m,43.17
2026-07-24T21:00:00,2026-07-25T18:00,relative_humidity_2m,45.0
2026-07-24T21:00:00,2026-07-25T19:00,relative_humidity_2m,47.5
2026-07-24T21:00:00,2026-07-25T20:00,relative_humidity_2m,54.67
2026-07-24T21:00:00,2026-07-25T21:00,relative_humidity_2m,61.67
2026-07-24T21:00:00,2026-07-25T22:00,relative_humidity_2m,66.83
2026-07-24T21:00:00,2026-07-25T23:00,relative_humidity_2m,70.33
2026-07-24T21:00:00,2026-07-26T00:00,relative_humidity_2m,74.67
2026-07-24T21:00:00,2026-07-26T01:00,relative_humidity_2m,76.0
2026-07-24T21:00:00,2026-07-26T02:00,relative_humidity_2m,75.67
2026-07-24T21:00:00,2026-07-26T03:00,relative_humidity_2m,77.0
2026-07-24T21:00:00,2026-07-26T04:00,relative_humidity_2m,78.83
2026-07-24T21:00:00,2026-07-26T05:00,relative_humidity_2m,79.83
2026-07-24T21:00:00,2026-07-26T06:00,relative_humidity_2m,78.17
2026-07-24T21:00:00,2026-07-26T07:00,relative_humidity_2m,71.67
2026-07-24T21:00:00,2026-07-26T08:00,relative_humidity_2m,65.17
2026-07-24T21:00:00,2026-07-26T09:00,relative_humidity_2m,65.0
2026-07-24T21:00:00,2026-07-26T10:00,relative_humidity_2m,70.17
2026-07-24T21:00:00,2026-07-26T11:00,relative_humidity_2m,80.67
2026-07-24T21:00:00,2026-07-26T12:00,relative_humidity_2m,85.33
2026-07-24T21:00:00,2026-07-26T13:00,relative_humidity_2m,84.5
2026-07-24T21:00:00,2026-07-26T14:00,relative_humidity_2m,85.33
2026-07-24T21:00:00,2026-07-26T15:00,relative_humidity_2m,83.17
2026-07-24T21:00:00,2026-07-26T16:00,relative_humidity_2m,81.33
2026-07-24T21:00:00,2026-07-26T17:00,relative_humidity_2m,79.17
2026-07-24T21:00:00,2026-07-26T18:00,relative_humidity_2m,80.6
2026-07-24T21:00:00,2026-07-26T19:00,relative_humidity_2m,84.6
2026-07-24T21:00:00,2026-07-26T20:00,relative_humidity_2m,89.4
2026-07-24T21:00:00,2026-07-26T21:00,relative_humidity_2m,91.2
2026-07-24T21:00:00,2026-07-24T21:00,wind_speed_10m,4.17
2026-07-24T21:00:00,2026-07-24T22:00,wind_speed_10m,5.27
2026-07-24T21:00:00,2026-07-24T23:00,wind_speed_10m,5.0
2026-07-24T21:00:00,2026-07-25T00:00,wind_speed_10m,5.78
2026-07-24T21:00:00,2026-07-25T01:00,wind_speed_10m,7.22
2026-07-24T21:00:00,2026-07-25T02:00,wind_speed_10m,6.93
2026-07-24T21:00:00,2026-07-25T03:00,wind_speed_10m,6.53
2026-07-24T21:00:00,2026-07-25T04:00,wind_speed_10m,6.75
2026-07-24T21:00:00,2026-07-25T05:00,wind_speed_10m,6.63
2026-07-24T21:00:00,2026-07-25T06:00,wind_speed_10m,6.45
2026-07-24T21:00:00,2026-07-25T07:00,wind_speed_10m,5.22
2026-07-24T21:00:00,2026-07-25T08:00,wind_speed_10m,3.42
2026-07-24T21:00:00,2026-07-25T09:00,wind_speed_10m,3.57
2026-07-24T21:00:00,2026-07-25T10:00,wind_speed_10m,5.9
2026-07-24T21:00:00,2026-07-25T11:00,wind_speed_10m,7.87
2026-07-24T21:00:00,2026-07-25T12:00,wind_speed_10m,9.7
2026-07-24T21:00:00,2026-07-25T13:00,wind_speed_10m,11.58
2026-07-24T21:00:00,2026-07-25T14:00,wind_speed_10m,12.1
2026-07-24T21:00:00,2026-07-25T15:00,wind_speed_10m,13.55
2026-07-24T21:00:00,2026-07-25T16:00,wind_speed_10m,13.47
2026-07-24T21:00:00,2026-07-25T17:00,wind_speed_10m,14.33
2026-07-24T21:00:00,2026-07-25T18:00,wind_speed_10m,12.5
2026-07-24T21:00:00,2026-07-25T19:00,wind_speed_10m,10.22
2026-07-24T21:00:00,2026-07-25T20:00,wind_speed_10m,5.27
2026-07-24T21:00:00,2026-07-25T21:00,wind_speed_10m,3.3
2026-07-24T21:00:00,2026-07-25T22:00,wind_speed_10m,3.8
2026-07-24T21:00:00,2026-07-25T23:00,wind_speed_10m,4.23
2026-07-24T21:00:00,2026-07-26T00:00,wind_speed_10m,5.1
2026-07-24T21:00:00,2026-07-26T01:00,wind_speed_10m,5.02
2026-07-24T21:00:00,2026-07-26T02:00,wind_speed_10m,5.62
2026-07-24T21:00:00,2026-07-26T03:00,wind_speed_10m,6.4
2026-07-24T21:00:00,2026-07-26T04:00,wind_speed_10m,6.23
2026-07-24T21:00:00,2026-07-26T05:00,wind_speed_10m,6.0
2026-07-24T21:00:00,2026-07-26T06:00,wind_speed_10m,6.65
2026-07-24T21:00:00,2026-07-26T07:00,wind_speed_10m,5.83
2026-07-24T21:00:00,2026-07-26T08:00,wind_speed_10m,4.63
2026-07-24T21:00:00,2026-07-26T09:00,wind_speed_10m,4.45
2026-07-24T21:00:00,2026-07-26T10:00,wind_speed_10m,8.42
2026-07-24T21:00:00,2026-07-26T11:00,wind_speed_10m,7.58
2026-07-24T21:00:00,2026-07-26T12:00,wind_speed_10m,7.47
2026-07-24T21:00:00,2026-07-26T13:00,wind_speed_10m,8.9
2026-07-24T21:00:00,2026-07-26T14:00,wind_speed_10m,8.57
2026-07-24T21:00:00,2026-07-26T15:00,wind_speed_10m,9.32
2026-07-24T21:00:00,2026-07-26T16:00,wind_speed_10m,7.18
2026-07-24T21:00:00,2026-07-26T17:00,wind_speed_10m,7.25
2026-07-24T21:00:00,2026-07-26T18:00,wind_speed_10m,5.72
2026-07-24T21:00:00,2026-07-26T19:00,wind_speed_10m,3.14
2026-07-24T21:00:00,2026-07-26T20:00,wind_speed_10m,2.52
2026-07-24T21:00:00,2026-07-26T21:00,wind_speed_10m,4.14
2026-07-24T21:00:00,2026-07-24T21:00,temperature_2m,22.33
2026-07-24T21:00:00,2026-07-24T22:00,temperature_2m,20.62
2026-07-24T21:00:00,2026-07-24T23:00,temperature_2m,19.39
2026-07-24T21:00:00,2026-07-25T00:00,temperature_2m,18.65
2026-07-24T21:00:00,2026-07-25T01:00,temperature_2m,17.98
2026-07-24T21:00:00,2026-07-25T02:00,temperature_2m,17.62
2026-07-24T21:00:00,2026-07-25T03:00,temperature_2m,17.25
2026-07-24T21:00:00,2026-07-25T04:00,temperature_2m,17.15
2026-07-24T21:00:00,2026-07-25T05:00,temperature_2m,17.38
2026-07-24T21:00:00,2026-07-25T06:00,temperature_2m,17.96
2026-07-24T21:00:00,2026-07-25T07:00,temperature_2m,19.36
2026-07-24T21:00:00,2026-07-25T08:00,temperature_2m,21.32
2026-07-24T21:00:00,2026-07-25T09:00,temperature_2m,22.88
2026-07-24T21:00:00,2026-07-25T10:00,temperature_2m,24.44
2026-07-24T21:00:00,2026-07-25T11:00,temperature_2m,25.62
2026-07-24T21:00:00,2026-07-25T12:00,temperature_2m,26.36
2026-07-24T21:00:00,2026-07-25T13:00,temperature_2m,26.88
2026-07-24T21:00:00,2026-07-25T14:00,temperature_2m,27.3
2026-07-24T21:00:00,2026-07-25T15:00,temperature_2m,27.5
2026-07-24T21:00:00,2026-07-25T16:00,temperature_2m,27.56
2026-07-24T21:00:00,2026-07-25T17:00,temperature_2m,27.22
2026-07-24T21:00:00,2026-07-25T18:00,temperature_2m,26.46
2026-07-24T21:00:00,2026-07-25T19:00,temperature_2m,25.42
2026-07-24T21:00:00,2026-07-25T20:00,temperature_2m,24.17
2026-07-24T21:00:00,2026-07-25T21:00,temperature_2m,22.69
2026-07-24T21:00:00,2026-07-25T22:00,temperature_2m,21.38
2026-07-24T21:00:00,2026-07-25T23:00,temperature_2m,20.49
2026-07-24T21:00:00,2026-07-26T00:00,temperature_2m,19.92
2026-07-24T21:00:00,2026-07-26T01:00,temperature_2m,19.96
2026-07-24T21:00:00,2026-07-26T02:00,temperature_2m,19.88
2026-07-24T21:00:00,2026-07-26T03:00,temperature_2m,19.16
2026-07-24T21:00:00,2026-07-26T04:00,temperature_2m,18.46
2026-07-24T21:00:00,2026-07-26T05:00,temperature_2m,18.19
2026-07-24T21:00:00,2026-07-26T06:00,temperature_2m,19.12
2026-07-24T21:00:00,2026-07-26T07:00,temperature_2m,21.03
2026-07-24T21:00:00,2026-07-26T08:00,temperature_2m,22.58
2026-07-24T21:00:00,2026-07-26T09:00,temperature_2m,22.74
2026-07-24T21:00:00,2026-07-26T10:00,temperature_2m,21.86
2026-07-24T21:00:00,2026-07-26T11:00,temperature_2m,21.1
2026-07-24T21:00:00,2026-07-26T12:00,temperature_2m,20.99
2026-07-24T21:00:00,2026-07-26T13:00,temperature_2m,21.23
2026-07-24T21:00:00,2026-07-26T14:00,temperature_2m,21.48
2026-07-24T21:00:00,2026-07-26T15:00,temperature_2m,21.42
2026-07-24T21:00:00,2026-07-26T16:00,temperature_2m,21.35
2026-07-24T21:00:00,2026-07-26T17:00,temperature_2m,21.36
2026-07-24T21:00:00,2026-07-26T18:00,temperature_2m,21.07
2026-07-24T21:00:00,2026-07-26T19:00,temperature_2m,20.61
2026-07-24T21:00:00,2026-07-26T20:00,temperature_2m,20.1
2026-07-24T21:00:00,2026-07-26T21:00,temperature_2m,19.47
2026-07-24T21:00:00,2026-07-24T21:00,relative_humidity_2m,50.36
2026-07-24T21:00:00,2026-07-24T22:00,relative_humidity_2m,56.36
2026-07-24T21:00:00,2026-07-24T23:00,relative_humidity_2m,60.85
2026-07-24T21:00:00,2026-07-25T00:00,relative_humidity_2m,62.97
2026-07-24T21:00:00,2026-07-25T01:00,relative_humidity_2m,65.26
2026-07-24T21:00:00,2026-07-25T02:00,relative_humidity_2m,66.23
2026-07-24T21:00:00,2026-07-25T03:00,relative_humidity_2m,67.06
2026-07-24T21:00:00,2026-07-25T04:00,relative_humidity_2m,68.43
2026-07-24T21:00:00,2026-07-25T05:00,relative_humidity_2m,68.04
2026-07-24T21:00:00,2026-07-25T06:00,relative_humidity_2m,68.74
2026-07-24T21:00:00,2026-07-25T07:00,relative_humidity_2m,67.85
2026-07-24T21:00:00,2026-07-25T08:00,relative_humidity_2m,64.45
2026-07-24T21:00:00,2026-07-25T09:00,relative_humidity_2m,57.73
2026-07-24T21:00:00,2026-07-25T10:00,relative_humidity_2m,50.86
2026-07-24T21:00:00,2026-07-25T11:00,relative_humidity_2m,46.97
2026-07-24T21:00:00,2026-07-25T12:00,relative_humidity_2m,44.45
2026-07-24T21:00:00,2026-07-25T13:00,relative_humidity_2m,42.47
2026-07-24T21:00:00,2026-07-25T14:00,relative_humidity_2m,41.43
2026-07-24T21:00:00,2026-07-25T15:00,relative_humidity_2m,40.55
2026-07-24T21:00:00,2026-07-25T16:00,relative_humidity_2m,40.28
2026-07-24T21:00:00,2026-07-25T17:00,relative_humidity_2m,41.03
2026-07-24T21:00:00,2026-07-25T18:00,relative_humidity_2m,43.63
2026-07-24T21:00:00,2026-07-25T19:00,relative_humidity_2m,47.27
2026-07-24T21:00:00,2026-07-25T20:00,relative_humidity_2m,53.04
2026-07-24T21:00:00,2026-07-25T21:00,relative_humidity_2m,59.68
2026-07-24T21:00:00,2026-07-25T22:00,relative_humidity_2m,65.52
2026-07-24T21:00:00,2026-07-25T23:00,relative_humidity_2m,70.15
2026-07-24T21:00:00,2026-07-26T00:00,relative_humidity_2m,72.96
2026-07-24T21:00:00,2026-07-26T01:00,relative_humidity_2m,72.98
2026-07-24T21:00:00,2026-07-26T02:00,relative_humidity_2m,72.77
2026-07-24T21:00:00,2026-07-26T03:00,relative_humidity_2m,74.18
2026-07-24T21:00:00,2026-07-26T04:00,relative_humidity_2m,75.67
2026-07-24T21:00:00,2026-07-26T05:00,relative_humidity_2m,77.07
2026-07-24T21:00:00,2026-07-26T06:00,relative_humidity_2m,73.27
2026-07-24T21:00:00,2026-07-26T07:00,relative_humidity_2m,66.86
2026-07-24T21:00:00,2026-07-26T08:00,relative_humidity_2m,63.16
2026-07-24T21:00:00,2026-07-26T09:00,relative_humidity_2m,67.87
2026-07-24T21:00:00,2026-07-26T10:00,relative_humidity_2m,78.17
2026-07-24T21:00:00,2026-07-26T11:00,relative_humidity_2m,87.73
2026-07-24T21:00:00,2026-07-26T12:00,relative_humidity_2m,90.01
2026-07-24T21:00:00,2026-07-26T13:00,relative_humidity_2m,88.52
2026-07-24T21:00:00,2026-07-26T14:00,relative_humidity_2m,88.34
2026-07-24T21:00:00,2026-07-26T15:00,relative_humidity_2m,88.23
2026-07-24T21:00:00,2026-07-26T16:00,relative_humidity_2m,89.28
2026-07-24T21:00:00,2026-07-26T17:00,relative_humidity_2m,88.59
2026-07-24T21:00:00,2026-07-26T18:00,relative_humidity_2m,89.58
2026-07-24T21:00:00,2026-07-26T19:00,relative_humidity_2m,91.61
2026-07-24T21:00:00,2026-07-26T20:00,relative_humidity_2m,93.51
2026-07-24T21:00:00,2026-07-26T21:00,relative_humidity_2m,95.29
2026-07-24T21:00:00,2026-07-24T21:00,wind_speed_10m,4.54
2026-07-24T21:00:00,2026-07-24T22:00,wind_speed_10m,4.18
2026-07-24T21:00:00,2026-07-24T23:00,wind_speed_10m,4.82
2026-07-24T21:00:00,2026-07-25T00:00,wind_speed_10m,5.73
2026-07-24T21:00:00,2026-07-25T01:00,wind_speed_10m,6.92
2026-07-24T21:00:00,2026-07-25T02:00,wind_speed_10m,6.75
2026-07-24T21:00:00,2026-07-25T03:00,wind_speed_10m,6.63
2026-07-24T21:00:00,2026-07-25T04:00,wind_speed_10m,6.92
2026-07-24T21:00:00,2026-07-25T05:00,wind_speed_10m,6.76
2026-07-24T21:00:00,2026-07-25T06:00,wind_speed_10m,6.34
2026-07-24T21:00:00,2026-07-25T07:00,wind_speed_10m,5.01
2026-07-24T21:00:00,2026-07-25T08:00,wind_speed_10m,3.35
2026-07-24T21:00:00,2026-07-25T09:00,wind_speed_10m,3.23
2026-07-24T21:00:00,2026-07-25T10:00,wind_speed_10m,5.87
2026-07-24T21:00:00,2026-07-25T11:00,wind_speed_10m,7.99
2026-07-24T21:00:00,2026-07-25T12:00,wind_speed_10m,9.77
2026-07-24T21:00:00,2026-07-25T13:00,wind_speed_10m,11.61
2026-07-24T21:00:00,2026-07-25T14:00,wind_speed_10m,12.22
2026-07-24T21:00:00,2026-07-25T15:00,wind_speed_10m,13.94
2026-07-24T21:00:00,2026-07-25T16:00,wind_speed_10m,13.46
2026-07-24T21:00:00,2026-07-25T17:00,wind_speed_10m,13.57
2026-07-24T21:00:00,2026-07-25T18:00,wind_speed_10m,12.06
2026-07-24T21:00:00,2026-07-25T19:00,wind_speed_10m,10.07
2026-07-24T21:00:00,2026-07-25T20:00,wind_speed_10m,5.79
2026-07-24T21:00:00,2026-07-25T21:00,wind_speed_10m,3.83
2026-07-24T21:00:00,2026-07-25T22:00,wind_speed_10m,3.66
2026-07-24T21:00:00,2026-07-25T23:00,wind_speed_10m,3.79
2026-07-24T21:00:00,2026-07-26T00:00,wind_speed_10m,4.65
2026-07-24T21:00:00,2026-07-26T01:00,wind_speed_10m,4.75
2026-07-24T21:00:00,2026-07-26T02:00,wind_speed_10m,5.37
2026-07-24T21:00:00,2026-07-26T03:00,wind_speed_10m,6.17
2026-07-24T21:00:00,2026-07-26T04:00,wind_speed_10m,6.29
2026-07-24T21:00:00,2026-07-26T05:00,wind_speed_10m,6.29
2026-07-24T21:00:00,2026-07-26T06:00,wind_speed_10m,6.69
2026-07-24T21:00:00,2026-07-26T07:00,wind_speed_10m,5.63
2026-07-24T21:00:00,2026-07-26T08:00,wind_speed_10m,4.39
2026-07-24T21:00:00,2026-07-26T09:00,wind_speed_10m,4.09
2026-07-24T21:00:00,2026-07-26T10:00,wind_speed_10m,6.81
2026-07-24T21:00:00,2026-07-26T11:00,wind_speed_10m,6.93
2026-07-24T21:00:00,2026-07-26T12:00,wind_speed_10m,6.37
2026-07-24T21:00:00,2026-07-26T13:00,wind_speed_10m,6.16
2026-07-24T21:00:00,2026-07-26T14:00,wind_speed_10m,8.18
2026-07-24T21:00:00,2026-07-26T15:00,wind_speed_10m,7.49
2026-07-24T21:00:00,2026-07-26T16:00,wind_speed_10m,6.48
2026-07-24T21:00:00,2026-07-26T17:00,wind_speed_10m,6.99
2026-07-24T21:00:00,2026-07-26T18:00,wind_speed_10m,5.69
2026-07-24T21:00:00,2026-07-26T19:00,wind_speed_10m,2.89
2026-07-24T21:00:00,2026-07-26T20:00,wind_speed_10m,2.57
2026-07-24T21:00:00,2026-07-26T21:00,wind_speed_10m,3.99
